content,href,time,rubrik,unterrubrik,veröffentlichungsdatum,publizierende_stelle,meldungsnummer,sprache,kanton
Bauprojekt: 3664 Burgistein,https://amtsblatt.be.ch/#!/search/publications/detail/0537811a-10d1-4637-8ac9-a402cdf1d8ea,11.03.2020,Kommunale Bauprojekte,Kommunales Bauprojekt,Amtsblatt BE - 11.03.2020,Einwohnergemeinde Burgistein,BP-BE10-0000000122,Deutsch,BE
"Bauprojekt: Lauterbachstrasse 42, 3414 Oberburg",https://amtsblatt.be.ch/#!/search/publications/detail/77f1d7f8-20c8-4d0e-9c67-aa98a1d855fb,11.03.2020,Kommunale Bauprojekte,Kommunales Bauprojekt,Amtsblatt BE - 11.03.2020,Einwohnergemeinde Oberburg,BP-BE10-0000000069,Deutsch,BE
"Bauprojekt: Meikirchstrasse, 3042 Ortschwaben",https://amtsblatt.be.ch/#!/search/publications/detail/812e6d9b-eb1e-4cf0-9e4e-156263d9421e,11.03.2020,Kommunale Bauprojekte,Kommunales Bauprojekt,Amtsblatt BE - 11.03.2020,Kanton Bern - RSTA - Bern-Mittelland,BP-BE10-0000000106,Deutsch,BE
"Bauprojekt: Bernstrasse, 4922 Bützberg",https://amtsblatt.be.ch/#!/search/publications/detail/243ea6b6-19c5-4659-bb7b-bdc076886b0d,11.03.2020,Kommunale Bauprojekte,Kommunales Bauprojekt,Amtsblatt BE - 11.03.2020,Kanton Bern - RSTA Oberaargau,BP-BE10-0000000109,Deutsch,BE
"Bauprojekt: Lindentalstrasse 72, 3067 Boll",https://amtsblatt.be.ch/#!/search/publications/detail/c527cd0c-b154-47db-8774-5adec6ba5598,11.03.2020,Kommunale Bauprojekte,Kommunales Bauprojekt,Amtsblatt BE - 11.03.2020,Einwohnergemeinde Vechigen - Bauabteilung,BP-BE10-0000000115,Deutsch,BE
"Bauprojekt: Brunnmatt, 4914 Roggwil",https://amtsblatt.be.ch/#!/search/publications/detail/1be15c36-c4dd-4d70-b224-ef0d4e04e663,11.03.2020,Kommunale Bauprojekte,Kommunales Bauprojekt,Amtsblatt BE - 11.03.2020,Kanton Bern - RSTA Oberaargau,BP-BE10-0000000105,Deutsch,BE
"Bau- und Gewässerschutzpublikation: Habchegg, 3804 Habkern",https://amtsblatt.be.ch/#!/search/publications/detail/96fb73ca-4e01-4ba7-a704-5e4661fc40a2,11.03.2020,Kommunale Bauprojekte,Bau- und Gewässerschutzpublikation,Amtsblatt BE - 11.03.2020,Kanton Bern - RSTA Interlaken-Oberhasli,BP-BE20-0000000187,Deutsch,BE
Bauprojekt: 3042 Ortschwaben,https://amtsblatt.be.ch/#!/search/publications/detail/0268e216-dd75-4ea7-89b2-d457e2edfecc,11.03.2020,Kommunale Bauprojekte,Kommunales Bauprojekt,Amtsblatt BE - 11.03.2020,Kanton Bern - RSTA - Bern-Mittelland,BP-BE10-0000000101,Deutsch,BE
"Bauprojekt: Petits Champs de Combe 74, 2745 Grandval",https://amtsblatt.be.ch/#!/search/publications/detail/57791703-d10c-4c2e-b454-4be1d887ceba,11.03.2020,Kommunale Bauprojekte,Kommunales Bauprojekt,Amtsblatt BE - 11.03.2020,Kanton Bern - Préfecture du Jura bernois,BP-BE10-0000000112,Französisch,BE
"Bauprojekt: Wagisbachstrasse 21, 3818 Grindelwald",https://amtsblatt.be.ch/#!/search/publications/detail/1f7987ba-de9c-461b-b42f-f5840aa22ddd,11.03.2020,Kommunale Bauprojekte,Kommunales Bauprojekt,Amtsblatt BE - 11.03.2020,Einwohnergemeinde Grindelwald,BP-BE10-0000000104,Deutsch,BE
"Bau- und Gewässerschutzpublikation: Schweikhof 10, 3416 Affoltern",https://amtsblatt.be.ch/#!/search/publications/detail/300585c7-a413-47fa-be4c-2185b259b88c,11.03.2020,Kommunale Bauprojekte,Bau- und Gewässerschutzpublikation,Amtsblatt BE - 11.03.2020,Kanton Bern - RSTA Emmental,BP-BE20-0000000191,Deutsch,BE
"Bauprojekt: Spiegelberg, 4933 Madiswil",https://amtsblatt.be.ch/#!/search/publications/detail/d2ddd7e3-d968-4231-8ac3-f40145d7ceb9,11.03.2020,Kommunale Bauprojekte,Kommunales Bauprojekt,Amtsblatt BE - 11.03.2020,Kanton Bern - RSTA Oberaargau,BP-BE10-0000000114,Deutsch,BE
"Bauprojekt: Hermandingen 73c, Parzelle Nr. 69, 4944 Auswil",https://amtsblatt.be.ch/#!/search/publications/detail/cc53c43b-d5a3-4cad-9720-1d47a917be30,11.03.2020,Kommunale Bauprojekte,Kommunales Bauprojekt,Amtsblatt BE - 11.03.2020,Einwohnergemeinde Auswil,BP-BE10-0000000110,Deutsch,BE
"Bauprojekt: Gressins dessus 1, 2744 Belprahon",https://amtsblatt.be.ch/#!/search/publications/detail/26bb2c61-fa05-4b84-97ad-dcf1c22e4a65,11.03.2020,Kommunale Bauprojekte,Kommunales Bauprojekt,Amtsblatt BE - 11.03.2020,Kanton Bern - Préfecture du Jura bernois,BP-BE10-0000000113,Französisch,BE
Bau- und Gewässerschutzpublikation: 2516 Lamboing,https://amtsblatt.be.ch/#!/search/publications/detail/8979a3a9-d29a-480a-8f41-7a3c602f26d3,04.03.2020,Kommunale Bauprojekte,Bau- und Gewässerschutzpublikation,Amtsblatt BE - 04.03.2020,Commune mixte de Plateau de Diesse,BP-BE20-0000000172,Französisch,BE
"Bau- und Gewässerschutzpublikation: Dorfstrasse 7a, 1595 Clavaleyres",https://amtsblatt.be.ch/#!/search/publications/detail/6bf382bd-4946-44df-82cb-3592d647dd57,04.03.2020,Kommunale Bauprojekte,Bau- und Gewässerschutzpublikation,Amtsblatt BE - 04.03.2020,Kanton Bern - RSTA - Bern-Mittelland,BP-BE20-0000000180,Deutsch,BE
"Bau- und Gewässerschutzpublikation: Hinter Fankhaus 272a, 3556 Trub",https://amtsblatt.be.ch/#!/search/publications/detail/08d99cbf-ee4b-4763-8dbd-6f02fe10a396,04.03.2020,Kommunale Bauprojekte,Bau- und Gewässerschutzpublikation,Amtsblatt BE - 04.03.2020,Kanton Bern - RSTA Emmental,BP-BE20-0000000183,Deutsch,BE
"Bau- und Gewässerschutzpublikation: Hegen, 3555 Trubschachen",https://amtsblatt.be.ch/#!/search/publications/detail/ada30b06-a09d-4faa-bcd0-69b93f993545,04.03.2020,Kommunale Bauprojekte,Bau- und Gewässerschutzpublikation,Amtsblatt BE - 04.03.2020,Kanton Bern - RSTA Emmental,BP-BE20-0000000182,Deutsch,BE
"Bau- und Gewässerschutzpublikation: Schwantholz, 3718 Kandersteg",https://amtsblatt.be.ch/#!/search/publications/detail/9441414e-1c21-499b-87df-44f472934e70,04.03.2020,Kommunale Bauprojekte,Bau- und Gewässerschutzpublikation,Amtsblatt BE - 04.03.2020,Kanton Bern - RSTA Frutigen-Niedersimmental,BP-BE20-0000000179,Deutsch,BE
"Bau- und Gewässerschutzpublikation: Schützenhaus Allmi 137, 3814 Gsteigwiler",https://amtsblatt.be.ch/#!/search/publications/detail/cb63dc07-33a7-4221-9dec-da7d4b72fe52,04.03.2020,Kommunale Bauprojekte,Bau- und Gewässerschutzpublikation,Amtsblatt BE - 04.03.2020,Kanton Bern - RSTA Interlaken-Oberhasli,BP-BE20-0000000178,Deutsch,BE
Bau- und Gewässerschutzpublikation: 3096 Oberbalm,https://amtsblatt.be.ch/#!/search/publications/detail/8627f804-8b9f-4b8b-950d-232975a28aae,04.03.2020,Kommunale Bauprojekte,Bau- und Gewässerschutzpublikation,Amtsblatt BE - 04.03.2020,Kanton Bern - RSTA - Bern-Mittelland,BP-BE20-0000000173,Deutsch,BE
"Bauprojekt: Wyler 68a, 3067 Boll",https://amtsblatt.be.ch/#!/search/publications/detail/fb399a10-a572-4f61-a1e2-39150ddc7fc2,04.03.2020,Kommunale Bauprojekte,Kommunales Bauprojekt,Amtsblatt BE - 04.03.2020,Einwohnergemeinde Vechigen - Bauabteilung,BP-BE10-0000000100,Deutsch,BE
"Bau- und Gewässerschutzpublikation: Am Bort 152, 3804 Habkern",https://amtsblatt.be.ch/#!/search/publications/detail/bdd4aa50-803a-43b9-a3a6-4c705066bc2c,04.03.2020,Kommunale Bauprojekte,Bau- und Gewässerschutzpublikation,Amtsblatt BE - 04.03.2020,Kanton Bern - RSTA Interlaken-Oberhasli,BP-BE20-0000000181,Deutsch,BE
"Bau- und Gewässerschutzpublikation: Bergmatteweg 26a, 3777 Saanenmöser",https://amtsblatt.be.ch/#!/search/publications/detail/ca6d84c5-0170-4732-9853-c68ce019e5f6,04.03.2020,Kommunale Bauprojekte,Bau- und Gewässerschutzpublikation,Amtsblatt BE - 04.03.2020,Einwohnergemeinde Saanen,BP-BE20-0000000176,Deutsch,BE
Bau- und Gewässerschutzpublikation: 3255 Rapperswil,https://amtsblatt.be.ch/#!/search/publications/detail/e156b51d-a9e3-4646-a610-a9e59f476807,04.03.2020,Kommunale Bauprojekte,Bau- und Gewässerschutzpublikation,Amtsblatt BE - 04.03.2020,Gemeinde Rapperswil BE,BP-BE20-0000000186,Deutsch,BE
"Bau- und Gewässerschutzpublikation: Innerschwandiweg, 3714 Frutigen",https://amtsblatt.be.ch/#!/search/publications/detail/182117ae-fe88-4756-adb8-4b2106648014,04.03.2020,Kommunale Bauprojekte,Bau- und Gewässerschutzpublikation,Amtsblatt BE - 04.03.2020,Kanton Bern - RSTA Frutigen-Niedersimmental,BP-BE20-0000000177,Deutsch,BE
"Bauprojekt: Gmeinen 40, 3083 Trimstein",https://amtsblatt.be.ch/#!/search/publications/detail/a388b09a-1cce-4ba7-ba49-efe19609d512,04.03.2020,Kommunale Bauprojekte,Kommunales Bauprojekt,Amtsblatt BE - 04.03.2020,Einwohnergemeinde Münsingen - Abteilung Bau,BP-BE10-0000000099,Deutsch,BE
"Bauprojekt: Buchacker, 3646 Einigen",https://amtsblatt.be.ch/#!/search/publications/detail/4ac8bc6c-48a8-4177-b518-c7d4005ad9e1,04.03.2020,Kommunale Bauprojekte,Kommunales Bauprojekt,Amtsblatt BE - 04.03.2020,"Einwohnergemeinde Spiez, Gemeindeschreiberei",BP-BE10-0000000108,Deutsch,BE
"Bauprojekt: Rue des Etoblons 34, 2616 Renan",https://amtsblatt.be.ch/#!/search/publications/detail/05bf4824-4f48-46ce-8df4-4f898b98ce0f,04.03.2020,Kommunale Bauprojekte,Kommunales Bauprojekt,Amtsblatt BE - 04.03.2020,Kanton Bern - Préfecture du Jura bernois,BP-BE10-0000000093,Französisch,BE
Bauprojekt: 3465 Dürrenroth4954 Wyssachen4950 Huttwil,https://amtsblatt.be.ch/#!/search/publications/detail/0b508975-3e82-4ae8-81d0-71e4d911f237,04.03.2020,Kommunale Bauprojekte,Kommunales Bauprojekt,Amtsblatt BE - 04.03.2020,Kanton Bern - RSTA Emmental,BP-BE10-0000000103,Deutsch,BE
"Bau- und Gewässerschutzpublikation: Brandeggstrasse 41, 3818 Grindelwald",https://amtsblatt.be.ch/#!/search/publications/detail/52b62dc8-d672-4bb8-8892-f4681646580e,04.03.2020,Kommunale Bauprojekte,Bau- und Gewässerschutzpublikation,Amtsblatt BE - 04.03.2020,Kanton Bern - RSTA Interlaken-Oberhasli,BP-BE20-0000000184,Deutsch,BE
"Bau- und Gewässerschutzpublikation: Ober Altgfäll 353a, 3555 Trubschachen",https://amtsblatt.be.ch/#!/search/publications/detail/3ce304fd-084e-44a8-ba24-b5b6effa7a44,04.03.2020,Kommunale Bauprojekte,Bau- und Gewässerschutzpublikation,Amtsblatt BE - 04.03.2020,Kanton Bern - RSTA Emmental,BP-BE20-0000000185,Deutsch,BE
